"Title","WorkoutType","WorkoutDescription","PlannedDuration","PlannedDistanceInMeters","WorkoutDay","CoachComments","DistanceInMeters","PowerAverage","PowerMax","Energy","AthleteComments","TimeTotalInHours","VelocityAverage","VelocityMax","CadenceAverage","CadenceMax","HeartRateAverage","HeartRateMax","TorqueAverage","TorqueMax","IF","TSS","HRZone1Minutes","HRZone2Minutes","HRZone3Minutes","HRZone4Minutes","HRZone5Minutes","HRZone6Minutes","HRZone7Minutes","HRZone8Minutes","HRZone9Minutes","HRZone10Minutes","PWRZone1Minutes","PWRZone2Minutes","PWRZone3Minutes","PWRZone4Minutes","PWRZone5Minutes","PWRZone6Minutes","PWRZone7Minutes","PWRZone8Minutes","PWRZone9Minutes","PWRZone10Minutes","Rpe","Feeling"
"Other","Other","","","","2026-01-26","","","","","","","0.894444465637207","","","","","107","143","","","","","17","16","0","","","","","","","","","","","","","","","","","","",""
"Indoor Running","Run","","","","2026-01-27","","7174.2998046875","","","","","0.921944439411163","2.16354035123266","","142","","141","155","","","0.806616988499411","66.25","1","20","33","","","","","","","","","","","","","","","","","","",""
"Other","Other","","","","2026-01-29","","","","","","","0.877222239971161","","","","","118","156","","","","","13","23","7","","","","","","","","","","","","","","","","","","",""
"Indoor Running","Run","","","","2026-01-30","","","","","","","0.682500004768372","","","","","","","","","","","","","","","","","","","","","","","","","","","","","","","",""
"Indoor Running","Run","","","","2026-02-01","","6770.77001953125","","","","","0.935000002384186","2.01391136809377","","136","","142","158","","","0.750831904711647","58.22","3","10","39","","","","","","","","","","","","","","","","","","",""
