"Title","WorkoutType","WorkoutDescription","PlannedDuration","PlannedDistanceInMeters","WorkoutDay","CoachComments","DistanceInMeters","PowerAverage","PowerMax","Energy","AthleteComments","TimeTotalInHours","VelocityAverage","VelocityMax","CadenceAverage","CadenceMax","HeartRateAverage","HeartRateMax","TorqueAverage","TorqueMax","IF","TSS","HRZone1Minutes","HRZone2Minutes","HRZone3Minutes","HRZone4Minutes","HRZone5Minutes","HRZone6Minutes","HRZone7Minutes","HRZone8Minutes","HRZone9Minutes","HRZone10Minutes","PWRZone1Minutes","PWRZone2Minutes","PWRZone3Minutes","PWRZone4Minutes","PWRZone5Minutes","PWRZone6Minutes","PWRZone7Minutes","PWRZone8Minutes","PWRZone9Minutes","PWRZone10Minutes","Rpe","Feeling"
"Walking","Walk","","","","2026-01-26","","3486.48999023438","","","","","0.761435806751251","1.27199995517731","","75","","99","115","","","0.417314831906741","14.59","5","0","0","","","","","","","","","","","","","","","","","","",""
"Yoga","Other","","","","2026-01-26","","","","","","","0.522362768650055","","","","","69","119","","","","","0","0","0","","","","","","","","","","","","","","","","","","",""
"Walking","Walk","","","","2026-01-27","","7599.60986328125","","","","","1.84631729125977","1.14300000667572","","60","","98","118","","","0.329212471790919","22.51","33","0","0","","","","","","","","","","","","","","","","","","",""
"Cardio","Other","","","","2026-01-27","","0","","","","","1.66831243038177","0","","","","115","169","","","","","26","39","7","","","","","","","","","","","","","","","","","","",""
"Walking","Walk","","","","2026-01-28","","7028.75","","","","","2.27489805221558","0.857999980449677","","45","","87","119","","","0.365277258372819","34.32","6","0","0","","","","","","","","","","","","","","","","","","",""
