"Title","WorkoutType","WorkoutDescription","PlannedDuration","PlannedDistanceInMeters","WorkoutDay","CoachComments","DistanceInMeters","PowerAverage","PowerMax","Energy","AthleteComments","TimeTotalInHours","VelocityAverage","VelocityMax","CadenceAverage","CadenceMax","HeartRateAverage","HeartRateMax","TorqueAverage","TorqueMax","IF","TSS","HRZone1Minutes","HRZone2Minutes","HRZone3Minutes","HRZone4Minutes","HRZone5Minutes","HRZone6Minutes","HRZone7Minutes","HRZone8Minutes","HRZone9Minutes","HRZone10Minutes","PWRZone1Minutes","PWRZone2Minutes","PWRZone3Minutes","PWRZone4Minutes","PWRZone5Minutes","PWRZone6Minutes","PWRZone7Minutes","PWRZone8Minutes","PWRZone9Minutes","PWRZone10Minutes","Rpe","Feeling"
"Strength","Strength","","","","2026-01-27","","0","","","","","1.5443127155304","0","","","","141","189","","","","","18","42","25","","","","","","","","","","","","","","","","","","",""
"Cardio","Other","","","","2026-01-28","","0","","","","","0.746885299682617","0","","","","137","177","","","","","5","32","4","","","","","","","","","","","","","","","","","","",""
"Pilates","Other","","","","2026-01-29","","0","","","","","0.5628422498703","0","","39","","103","126","","","","","7","0","0","","","","","","","","","","","","","","","","","","",""
"Strength","Strength","","","","2026-01-29","","0","","","","","0.708642244338989","0","","","","120","151","","","","","12","18","0","","","","","","","","","","","","","","","","","","",""
"Cardio","Other","","","","2026-01-29","","0","","","","","0.330681383609772","0","","","","145","161","","","","","1","7","10","","","","","","","","","","","","","","","","","","",""
"Strength","Strength","","","","2026-01-30","","0","","","","","0.734498381614685","0","","","","121","156","","","","","19","15","0","","","","","","","","","","","","","","","","","","",""
"Cardio","Other","","","","2026-01-30","","0","","","","","0.395055264234543","0","","","","130","142","","","","","1","20","0","","","","","","","","","","","","","","","","","","",""
